순위,브랜드,상품명,링크
1,"
우포스
","[<p class=""list_info"">
<a href=""https://www.musinsa.com/app/goods/1092992?loc=goods_rank"" title=""OORIGINAL BLACK - 조리 블랙"">
                        
                        
                        
                        OORIGINAL BLACK - 조리 블랙
                    </a>
</p>]",https://www.musinsa.com/app/goods/1092992?loc=goods_rank
2,"
락피쉬웨더웨어
","[<p class=""list_info"">
<a href=""https://www.musinsa.com/app/goods/3134606?loc=goods_rank"" title=""FLATFORM RAIN BOOTS MIDDLE - 4color"">
                        
                        
                        
                        FLATFORM RAIN BOOTS MIDDLE - 4color
                    </a>
</p>]",https://www.musinsa.com/app/goods/3134606?loc=goods_rank
3,"
토앤토
","[<p class=""list_info"">
<a href=""https://www.musinsa.com/app/goods/3320672?loc=goods_rank"" title=""x 로우클래식 플립플랍 Zerovity 크림"">
                        
                        
                        
                        [무료반품]x 로우클래식 플립플랍 Zerovity 크림
                    </a>
</p>]",https://www.musinsa.com/app/goods/3320672?loc=goods_rank
4,"
마크모크
","[<p class=""list_info"">
<a href=""https://www.musinsa.com/app/goods/3318422?loc=goods_rank"" title=""Monsoon 3Color 레인부츠 Musinsa Edition 3Cm"">
<strong class=""txt_reserve"">6 / 9 배송</strong>
                        [72시간특가]Monsoon 3Color 레인부츠 Musinsa Edition 3Cm
                    </a>
</p>]",https://www.musinsa.com/app/goods/3318422?loc=goods_rank
5,"
마크모크
","[<p class=""list_info"">
<a href=""https://www.musinsa.com/app/goods/3271677?loc=goods_rank"" title=""Sonagi 3Color 방수 장화 레인부츠 3Cm"">
<strong class=""txt_reserve"">제작 10일</strong>
                        
                        [72시간특가]Sonagi 3Color 방수 장화 레인부츠 3Cm
                    </a>
</p>]",https://www.musinsa.com/app/goods/3271677?loc=goods_rank
